SPEC,prefirelate closed,prefiremid closed,prefireopen,prefireShrub,prefireyoung.forest,elevation,slope,aspect,I(elevation^2),tsb,burnsev,I(burnsev^2),I(tsb^2),tsb:burnsev,lower prefirelate closed,lower prefiremid closed,lower prefireopen,lower prefireShrub,lower prefireyoung.forest,lower elevation,lower slope,lower aspect,lower I(elevation^2),lower tsb,lower burnsev,lower I(burnsev^2),lower I(tsb^2),lower tsb:burnsev,upper prefirelate closed,upper prefiremid closed,upper prefireopen,upper prefireShrub,upper prefireyoung.forest,upper elevation,upper slope,upper aspect,upper I(elevation^2),upper tsb,upper burnsev,upper I(burnsev^2),upper I(tsb^2),upper tsb:burnsev,peak.density,peak.density.lower,peak.density.upper,peak.burnsev,peak.tsb
WETA,-1.216052782,-1.276196814,-1.075737516,-1.200146191,-1.355233073,0.016006323,-0.00129275,0.053795473,0.017133804,-0.158498765,-0.079386737,-0.078705716,-0.004110999,0.019377462,-1.330362379,-1.397022352,-1.242829104,-1.349546182,-1.538689382,-0.021995675,-0.038329282,0.015765497,-0.01724853,-0.219749734,-0.138901588,-0.146852621,-0.048959726,-0.022620013,-1.101743185,-1.155371277,-0.908645928,-1.0507462,-1.171776765,0.054008321,0.035743781,0.091825448,0.051516139,-0.097247797,-0.019871885,-0.010558811,0.040737729,0.061374938,0.405801876,0.344175992,0.478462084,-0.975944086,-0.988393542
DEJU,0.057552429,0.056594681,0.310037707,-0.133872951,0.231276976,0.049461857,-0.021857762,0.009391875,0.014284534,-0.056069317,-0.033504761,0.014415263,-0.039164025,-0.031831421,-0.091734342,-0.097714789,0.115423991,-0.322194581,0.035002853,0.008520903,-0.062190589,-0.031700952,-0.022973812,-0.120872778,-0.101875966,-0.05871728,-0.08606301,-0.074128657,0.2068392,0.210904151,0.504651424,0.054448678,0.4275511,0.090402811,0.018475064,0.050484701,0.05154288,0.008734144,0.034866444,0.087547806,0.00773496,0.010465815,1.409055721,1.157954505,1.714607972,-0.975944086,-0.988393542
YRWA,-0.912416528,-0.852291663,-0.687962294,-0.947779425,-0.904420542,0.163217238,-0.015582316,0.045003681,-0.007435884,-0.133580752,-0.258880962,0.081840691,-0.006880584,0.025809279,-1.046952182,-0.992187346,-0.884202377,-1.129384908,-1.110250732,0.118398621,-0.059198822,0.00085769,-0.047017714,-0.205611309,-0.3289576,-0.001656708,-0.05783079,-0.022702361,-0.777880875,-0.71239598,-0.491722212,-0.766173942,-0.698590351,0.208035856,0.02803419,0.089149672,0.032145946,-0.061550195,-0.188804323,0.16533809,0.044069622,0.074320919,0.812894635,0.672293627,0.982900417,-0.975944086,-0.988393542
RBNU,-1.546567205,-1.520530276,-1.371840023,-1.712112193,-1.933977746,0.012664716,0.038832103,0.003144543,-0.023111399,-0.231070208,-0.189815017,0.055168652,0.074334339,0.016897766,-1.680922563,-1.661532055,-1.566283928,-1.898675051,-2.168894091,-0.032569898,-0.00407783,-0.041345183,-0.064119539,-0.30331853,-0.259018086,-0.027578433,0.024183952,-0.030404246,-1.412211848,-1.379528497,-1.177396117,-1.525549335,-1.699061401,0.057899329,0.081742037,0.047634268,0.01789674,-0.158821886,-0.120611947,0.137915736,0.124484726,0.064199779,0.44187075,0.366503614,0.532736247,-0.975944086,-0.988393542
FOSP,-1.091985969,-1.310027155,-1.463110716,-0.88542292,-0.981829233,0.24505709,-0.099004729,-0.072487583,-0.07942277,0.594783637,0.097887876,0.078003321,-0.150111888,-0.059401791,-1.234095617,-1.459119589,-1.690749148,-1.038377242,-1.171118966,0.197224115,-0.146215741,-0.117233491,-0.124933399,0.52377331,0.021987851,-0.000412045,-0.189950226,-0.096310735,-0.949876321,-1.160934721,-1.235472284,-0.732468597,-0.792539501,0.292890065,-0.051793718,-0.027741675,-0.033912141,0.665793965,0.1737879,0.156418687,-0.11027355,-0.022492847,0.722423812,0.624249468,0.836037818,1.587000738,1.546811087
HEWA,-1.287926036,-1.269981734,-1.05979405,-1.271683787,-1.879848997,-0.46130861,0.037548978,0.003593128,-0.222393351,-0.457213623,-0.493814797,0.172114072,0.128175286,-0.020937054,-1.431866877,-1.423746457,-1.255248326,-1.470400519,-2.140129229,-0.519802257,-0.003119557,-0.040831023,-0.272394052,-0.533410095,-0.568762526,0.084699542,0.070885054,-0.079401273,-1.143985196,-1.116217011,-0.864339775,-1.072967054,-1.619568765,-0.402814963,0.078217513,0.048017279,-0.172392651,-0.381017151,-0.418867068,0.259528602,0.185465518,0.037527166,1.153732707,0.965467982,1.378708754,-0.975944086,-0.988393542
MOCH,-0.849738138,-0.797963792,-0.508275875,-0.771104798,-0.909786089,0.08946585,-0.034216837,0.005700139,-0.1272683,-0.103739672,-0.212825237,0.032601176,-0.006162758,-0.006111551,-0.984940168,-0.937677845,-0.699928254,-0.945730392,-1.12082562,0.040789841,-0.078824934,-0.039428517,-0.172052942,-0.175869776,-0.283612848,-0.050046628,-0.056898819,-0.053683933,-0.714536107,-0.658249738,-0.316623496,-0.596479204,-0.698746558,0.138141858,0.01039126,0.050828795,-0.082483657,-0.031609568,-0.142037625,0.115248979,0.044573303,0.04146083,0.836190334,0.692086638,1.010298763,-0.975944086,-0.988393542
DUFL,-1.160412611,-1.33896613,-1.033807145,-1.093888484,-1.34900851,0.289493817,-0.152243915,-0.043083583,-0.094029425,0.172777117,0.045655107,0.063209702,-0.124017731,-0.056848406,-1.315942814,-1.503271825,-1.263315129,-1.278455639,-1.591668106,0.232247133,-0.206691156,-0.095351101,-0.145674876,0.09063295,-0.036092997,-0.030160419,-0.18004543,-0.106444227,-1.004882408,-1.174660435,-0.804299162,-0.90932133,-1.106348915,0.346740502,-0.097796673,0.009183935,-0.042383974,0.254921284,0.127403212,0.156579822,-0.067990031,-0.007252586,0.400131103,0.338333689,0.473215954,1.587000738,0.420053474
LAZB,-1.330740513,-1.524025516,-1.563275943,-1.819741291,-1.254536847,0.209611163,0.085977228,0.026823422,0.170316817,0.387790572,0.694754926,-0.285578126,-0.176978052,-0.201801532,-1.519075199,-1.723283843,-1.864048886,-2.059714695,-1.527398245,0.149088274,0.018484517,-0.03882676,0.113347472,0.282733747,0.584013057,-0.393492421,-0.245631548,-0.263888438,-1.142405827,-1.324767189,-1.262502999,-1.579767887,-0.98167545,0.270134051,0.153469939,0.092473603,0.227286162,0.492847398,0.805496796,-0.17766383,-0.108324555,-0.139714625,0.417443738,0.34683666,0.502424612,1.037798275,0.420053474
NAWA,-2.148809178,-2.115852053,-1.597173303,-2.613483408,-2.073458859,-0.300494347,0.24259798,-0.056651284,-0.044736735,-0.053496026,0.091914054,0.157891574,0.077354463,0.002853119,-2.363364442,-2.341779094,-1.867269488,-2.917693674,-2.384509267,-0.376710318,0.178807291,-0.124789534,-0.111049957,-0.158078556,-0.017930819,0.037048269,0.007643936,-0.055890842,-1.934253914,-1.889925012,-1.327077117,-2.309273142,-1.762408451,-0.224278377,0.306388669,0.011486966,0.021576488,0.051086504,0.201758927,0.278734878,0.147064991,0.06159708,0.341497593,0.219614164,0.531024976,1.587000738,2.955258103
BRCR,-0.696483164,-0.813842627,-0.797325562,-0.785129202,-0.803529603,-0.080603129,-0.00214928,-0.034921946,-0.114375557,-0.257803681,0.000304871,-0.110973554,0.019958391,-0.0046632,-0.891688029,-1.021581929,-1.111540661,-1.053157569,-1.116355544,-0.155160333,-0.067605833,-0.103061549,-0.183561013,-0.36756735,-0.105412125,-0.229716292,-0.062994386,-0.081919891,-0.501278299,-0.606103325,-0.483110463,-0.517100835,-0.490703663,-0.006045925,0.063307273,0.033217657,-0.045190102,-0.148040012,0.106021866,0.007769184,0.102911169,0.072593492,0.655157689,0.543291608,0.790057478,-0.060606649,-0.988393542
STJA,-2.272610557,-2.390385719,-2.25138388,-2.309758404,-2.103171388,-0.067378708,0.114099677,-0.027335231,0.089716628,0.034828909,0.108225353,-0.184162246,-0.03368604,-0.065839543,-2.47572311,-2.608879591,-2.5545377,-2.56776893,-2.39970488,-0.134289257,0.047953427,-0.096054161,0.029456632,-0.073112311,0.000380645,-0.303419438,-0.109919817,-0.134328083,-2.069498003,-2.171891847,-1.94823006,-2.051747878,-1.806637897,-0.000468159,0.180245927,0.0413837,0.149976625,0.14277013,0.216070061,-0.064905055,0.042547738,0.002648997,0.10483738,0.084480992,0.130098808,0.305528326,0.138364071
WEWP,-2.531967831,-2.533608286,-3.042473482,-2.471242131,-2.583605523,0.038966239,-0.008679518,-0.049451416,0.112403038,0.209756807,0.112937264,-0.051141138,-0.056387947,-0.01799804,-2.73631231,-2.747063878,-3.405876337,-2.714187803,-2.898866164,-0.027912517,-0.080184243,-0.119898092,0.050089957,0.099446712,0.000900708,-0.173712789,-0.126770296,-0.081707065,-2.327623352,-2.320152694,-2.679070628,-2.22829646,-2.268344883,0.105844995,0.062825207,0.02099526,0.174716119,0.320066901,0.224973821,0.071430514,0.013994401,0.045710986,0.099667532,0.078360215,0.126768627,0.854730788,1.82850049
HAWO,-2.108010319,-2.079010064,-1.98694808,-2.445226287,-2.13536384,-0.004422622,-0.048891092,-0.007380771,-0.111296692,-0.089184169,0.052992804,-0.122079183,-0.162905998,-0.222341696,-2.338104142,-2.313848811,-2.327974749,-2.779784204,-2.481347302,-0.085397717,-0.121834835,-0.08304253,-0.184436486,-0.209679264,-0.066694188,-0.250565126,-0.264938852,-0.318030868,-1.877916497,-1.844171317,-1.64592141,-2.110668371,-1.789380377,0.076552473,0.02405265,0.068280989,-0.038156899,0.031310926,0.172679795,0.00640676,-0.060873143,-0.126652523,0.131673946,0.103388553,0.167697753,1.037798275,-0.988393542
TOSO,-2.737476264,-2.637781076,-2.695023981,-3.172677249,-3.133383065,0.134128661,0.055800749,0.071691284,-0.03632924,-0.109773743,-0.085721399,-0.233062842,-0.10853885,-0.059617304,-2.968081797,-2.871665958,-3.061486367,-3.533142067,-3.559282601,0.049261505,-0.02348937,-0.009826829,-0.111372738,-0.244064371,-0.210692455,-0.37770319,-0.215631005,-0.165578606,-2.506870731,-2.403896195,-2.328561594,-2.81221243,-2.70748353,0.218995817,0.135090868,0.153209397,0.038714258,0.024516885,0.039249656,-0.088422494,-0.001446696,0.046343998,0.066695123,0.054374437,0.081807548,-0.060606649,-0.425014736
MGWA,-1.75946111,-2.009237707,-1.586086987,-2.054336568,-1.859042767,0.12640871,0.045170633,-0.043272856,-0.018679356,0.390722293,0.194882776,0.040037977,-0.203789447,0.014630877,-2.00711272,-2.273668337,-1.936481919,-2.364458596,-2.226426562,0.043695528,-0.039549802,-0.125698915,-0.097987797,0.258687941,0.058486767,-0.104784004,-0.291794464,-0.061987636,-1.511809499,-1.744807077,-1.235692055,-1.744214539,-1.491658972,0.209121893,0.129891068,0.039153203,0.060629084,0.522756644,0.331278784,0.184859959,-0.115784429,0.091249391,0.320026079,0.2471908,0.414322422,1.587000738,0.98343228
SPTO,-2.123424816,-2.283563101,-2.022870245,-2.459622876,-2.062682596,0.008248854,0.037601934,0.169504678,0.058085021,0.697459166,0.434348425,-0.089652797,-0.061840845,-0.072702652,-2.366631233,-2.536989885,-2.370436689,-2.754874144,-2.400981265,-0.074990563,-0.054325351,0.082142626,-0.022739629,0.560069948,0.286094103,-0.236323198,-0.131530283,-0.141584203,-1.880218399,-2.030136316,-1.675303801,-2.164371608,-1.724383928,0.09148827,0.129529219,0.25686673,0.13890967,0.834848383,0.582602748,0.057017603,0.007848592,-0.003821101,0.626253586,0.428747373,0.914742755,1.220865763,2.955258103
OSFL,-2.620559294,-2.878700625,-3.085270307,-2.907161777,-2.827573252,0.214237864,0.034884483,0.116362833,-0.134438367,0.347797339,0.001888645,-0.078656712,-0.091596124,-0.011866843,-2.884057311,-3.155774693,-3.525493649,-3.230413419,-3.215126086,0.120298165,-0.051893042,0.030758123,-0.222179992,0.212124114,-0.139938503,-0.228788949,-0.173788465,-0.090550044,-2.357061277,-2.601626557,-2.645046965,-2.583910135,-2.440020417,0.308177564,0.121662008,0.201967543,-0.046696741,0.483470564,0.143715794,0.071475526,-0.009403784,0.066816358,0.101272157,0.074042237,0.138516204,-0.060606649,1.82850049
HAFL,-1.845447066,-1.690013615,-2.352682936,-1.76293531,-2.881815601,0.039824507,-0.136044252,-0.120220304,-0.198129023,-0.45761563,-0.370419718,0.126885904,-0.034335688,0.161831407,-2.119314529,-1.97223636,-2.870634122,-2.134570233,-3.493657149,-0.058739485,-0.222835703,-0.207189265,-0.289125639,-0.609409444,-0.51669271,-0.042924949,-0.163878392,0.036172053,-1.571579603,-1.40779087,-1.83473175,-1.391300386,-2.269974053,0.138388499,-0.0492528,-0.033251344,-0.107132406,-0.305821815,-0.224146725,0.296696757,0.095207016,0.287490761,0.53111128,0.413697672,0.681848631,-0.975944086,-0.988393542
CAFI,-2.419969869,-2.455561153,-2.613583933,-2.218032146,-2.293188366,0.411506241,-0.136386553,0.102978713,-0.072973028,-0.090789574,-0.096569396,-0.008299454,0.039104,-0.04530781,-2.681898328,-2.725857628,-3.053257687,-2.537323615,-2.67228826,0.310880828,-0.227037417,0.01438359,-0.157662976,-0.230140547,-0.235800365,-0.167658913,-0.048831751,-0.131634317,-2.158041409,-2.185264677,-2.173910179,-1.898740677,-1.914088471,0.512131654,-0.045735689,0.191573835,0.01171692,0.0485614,0.042661573,0.151060005,0.127039751,0.041018697,0.129062555,0.090797438,0.18345389,-0.975944086,-0.988393542
CHSP,-2.44295259,-2.30804955,-2.292126796,-2.632767302,-1.931643998,0.338690603,-0.270845552,0.012009075,0.037034217,0.252102323,0.182110386,0.064875218,-0.171956696,-0.188336365,-2.708608027,-2.575443295,-2.683254071,-2.966996244,-2.277417336,0.243282956,-0.367459779,-0.079383419,-0.047361722,0.111141454,0.041067138,-0.094800974,-0.26903573,-0.272114764,-2.177297152,-2.040655805,-1.900999522,-2.298538359,-1.58587066,0.434098251,-0.174231325,0.103401568,0.121430156,0.393063193,0.323153635,0.224551411,-0.074877662,-0.104557965,0.13705446,0.105620995,0.17784272,1.587000738,-0.143325332
AMRO,-2.288341407,-2.536740364,-2.7026611,-2.366210038,-2.227842864,0.052816175,-0.087742875,-0.005308439,0.087482049,0.297033694,0.042397335,-0.057331736,-0.152520889,-0.046158722,-2.540854111,-2.808542572,-3.145537698,-2.690849311,-2.598726149,-0.030411969,-0.176471824,-0.092352099,0.012082653,0.157524437,-0.095978439,-0.211625636,-0.24969966,-0.132013011,-2.035828704,-2.264938155,-2.259784502,-2.041570765,-1.856959578,0.13604432,0.000986074,0.081735221,0.162881444,0.436542951,0.180773109,0.096962164,-0.055342118,0.039695566,0.117212499,0.08842259,0.155376243,-0.060606649,0.98343228
WHWO,-3.205128383,-3.120711906,-3.011429909,-3.166232223,-3.311427632,-0.027265803,0.026682413,-0.04935124,-0.00292633,-0.140969723,-0.156634528,-0.011190279,0.068223544,-0.01955114,-3.470564853,-3.396479478,-3.396434021,-3.510537507,-3.737825581,-0.11773076,-0.059798728,-0.13844309,-0.086165854,-0.28109594,-0.294560086,-0.171091492,-0.026122693,-0.106852181,-2.939691912,-2.844944333,-2.626425797,-2.821926939,-2.885029684,0.063199153,0.113163555,0.039740611,0.080313194,-0.000843507,-0.018708969,0.148710934,0.162569782,0.067749902,0.068419428,0.046838531,0.099943743,-0.975944086,-0.988393542
BHGR,-3.078197577,-2.974518953,-3.146171506,-3.04024128,-2.807753663,-0.314746653,0.166482437,-0.039617226,0.150462824,0.157681144,0.180608117,0.066947383,-0.096293313,-0.060672211,-3.41329724,-3.325980028,-3.610124173,-3.437822888,-3.253979782,-0.413646852,0.07455819,-0.136309352,0.066277563,0.006389684,0.020312615,-0.102511179,-0.206572726,-0.151118569,-2.743097913,-2.623057879,-2.682218838,-2.642659673,-2.361527544,-0.215846454,0.258406683,0.0570749,0.234648086,0.308972603,0.340903619,0.236405945,0.013986101,0.029774147,0.073229116,0.04979952,0.10768183,1.587000738,0.420053474
CAVI,-2.831514304,-2.940860178,-2.798234421,-2.710631323,-3.142066248,-0.591390395,-0.043116708,-0.036187177,-0.151300359,-0.294433488,-0.099629653,0.057286871,-0.030470175,0.08158849,-3.11880691,-3.256197825,-3.216755384,-3.09012914,-3.61939753,-0.720967715,-0.130578112,-0.130803178,-0.256696739,-0.449142771,-0.24948889,-0.114087403,-0.163982146,-0.031766748,-2.544221698,-2.625522531,-2.379713458,-2.331133506,-2.664734966,-0.461813074,0.044344697,0.058428824,-0.04590398,-0.139724205,0.050229584,0.228661145,0.103041796,0.194943729,0.108730417,0.074429824,0.158838259,-0.975944086,-0.988393542
GCKI,-1.909548997,-1.991404852,-2.15250675,-2.485873665,-2.09438694,0.079864639,-0.047669769,0.033834774,0.161116606,-0.112628536,-0.452998731,0.14917869,0.08799142,0.074911323,-2.215437222,-2.31868489,-2.627123512,-2.961113865,-2.565754065,-0.005873972,-0.140628192,-0.060796871,0.085192311,-0.272172707,-0.60819305,-0.046178463,-0.015186003,-0.028850152,-1.603660773,-1.664124813,-1.677889987,-2.010633465,-1.623019815,0.16560325,0.045288653,0.12846642,0.2370409,0.046915636,-0.297804412,0.344535843,0.191168842,0.178672799,0.34790806,0.271320283,0.44611489,-0.975944086,-0.988393542
GTTO,-2.181189937,-2.305956978,-3.371486734,-2.404072082,-2.284774873,0.270797277,-0.088338143,-0.189086962,0.07120627,0.827054247,0.65637995,-0.296014104,-0.154835609,-0.105829076,-2.452262469,-2.583062723,-3.964788943,-2.715192871,-2.677283019,0.173450862,-0.19384645,-0.290209529,-0.023669081,0.663646613,0.487499679,-0.456870239,-0.238854554,-0.188365072,-1.910117405,-2.028851233,-2.778184525,-2.092951292,-1.892266728,0.368143693,0.017170164,-0.087964394,0.166081621,0.99046188,0.825260221,-0.135157968,-0.070816663,-0.023293079,0.386162389,0.271117042,0.550025885,0.6716633,2.391879297
HOWR,-2.570495887,-2.237085439,-3.246892404,-2.719371088,-3.198186726,0.012515274,0.019362869,-0.03459089,0.101835676,0.601653741,0.730942083,-0.19186164,-0.072870929,-0.200862903,-2.879940868,-2.533917594,-3.822533437,-3.083133262,-3.775036683,-0.094358657,-0.096142051,-0.145407532,-0.002374995,0.422965963,0.534424117,-0.374179466,-0.168072524,-0.291832222,-2.261050907,-1.940253285,-2.67125137,-2.355608915,-2.621336769,0.119389204,0.13486779,0.076225751,0.206046348,0.780341519,0.92746005,-0.009543813,0.022330666,-0.109893584,0.245410202,0.14024168,0.429445563,0.305528326,2.955258103
NOFL,-3.286834796,-3.58051455,-3.392272785,-3.271346937,-3.529540752,-0.168525303,0.005196826,-0.061919228,-0.102346767,0.364095515,0.160652558,-0.137775537,-0.095381662,-0.088687378,-3.590949645,-3.90957515,-3.871618849,-3.642372859,-4.030698949,-0.288253906,-0.104045327,-0.171551059,-0.214639609,0.191540097,-0.010010703,-0.324644781,-0.208055045,-0.186918764,-2.982719948,-3.251453951,-2.91292672,-2.900321015,-3.028382555,-0.0487967,0.11443898,0.047712604,0.009946075,0.536650933,0.331315819,0.049093708,0.017291722,0.009544007,0.052844546,0.036372672,0.076775938,-0.060606649,1.82850049
HETH,-3.861757255,-4.260489929,-3.64139439,-4.438499251,-4.96199211,0.172583232,-0.163918347,0.045110679,0.056379737,-0.499796611,-0.229704671,-0.093989761,-0.047796844,-0.022451902,-4.223926294,-4.661564543,-4.140677328,-5.007153867,-5.76699116,0.054488031,-0.281253395,-0.073523275,-0.046609029,-0.711166797,-0.430632275,-0.317460319,-0.235566661,-0.213344716,-3.499588216,-3.859415314,-3.142111452,-3.869844634,-4.15699306,0.290678432,-0.046583299,0.163744634,0.159368503,-0.288426425,-0.028777068,0.129480798,0.139972974,0.168440912,0.045909045,0.028687768,0.073468261,-0.975944086,-0.988393542
WAVI,-2.757298393,-2.9450476,-2.226858534,-2.298730685,-2.71087957,0.20208704,-0.147989222,-0.379493044,-0.102698855,0.159491605,-0.342744239,0.11865177,-0.383846357,0.482335765,-3.116813638,-3.336256276,-2.715214991,-2.697075327,-3.221675322,0.07917339,-0.266005673,-0.493936378,-0.21509119,-0.037645314,-0.536930622,-0.107344048,-0.548899441,0.326531837,-2.397783148,-2.553838923,-1.738502076,-1.900386042,-2.200083819,0.325000691,-0.029972772,-0.26504971,0.00969348,0.356628524,-0.148557856,0.344647587,-0.218793273,0.638139693,0.157755867,0.100083719,0.248660958,-0.975944086,-0.988393542
MOUQ,-4.302312609,-4.628895205,-4.022277939,-4.085215931,-3.757111117,0.053192272,0.101696993,0.02606474,-0.047410234,0.471827016,0.136919308,0.098390635,-0.11646343,-0.082443479,-4.630098236,-4.993524763,-4.510159913,-4.464582982,-4.187443499,-0.069820337,-0.022237029,-0.096036379,-0.166149492,0.28276182,-0.044587137,-0.11593463,-0.22858646,-0.179793696,-3.974526981,-4.264265647,-3.534395965,-3.70584888,-3.326778735,0.17620488,0.225631015,0.148165858,0.071329023,0.660892212,0.318425752,0.3127159,-0.0043404,0.014906739,0.027641827,0.019356581,0.039473427,1.587000738,1.546811087
RBSA,-3.253828692,-3.557577224,-3.161417231,-3.387419277,-3.101410121,0.049681029,-0.048295285,-0.119978401,0.079708891,-0.124059653,-0.263539899,-0.190035241,0.045786929,0.034617934,-3.632357829,-3.977191844,-3.713197934,-3.894959919,-3.639158515,-0.070760948,-0.170099618,-0.244419603,-0.029432178,-0.327853362,-0.46560839,-0.426273979,-0.094550773,-0.10543802,-2.875299554,-3.137962604,-2.609636529,-2.879878635,-2.563661727,0.170123005,0.073509049,0.004462801,0.188849959,0.079734056,-0.061471409,0.046203497,0.18612463,0.174673889,0.05934015,0.034899806,0.100896075,-0.975944086,-0.988393542
EVGR,-3.389357156,-3.093852086,-2.776703662,-3.983607486,-4.030136818,0.08353618,0.06077386,0.035112277,-0.438103379,-0.113287415,-0.284205172,0.212422138,0.15866365,0.071301254,-3.788318873,-3.48548834,-3.298273431,-4.585010044,-4.767811603,-0.077151944,-0.066112449,-0.093264717,-0.599733975,-0.314319751,-0.497467245,-0.026210735,0.041164115,-0.042491924,-2.990395439,-2.702215831,-2.255133892,-3.382204927,-3.292462032,0.244224304,0.18766017,0.163489271,-0.276472782,0.087744921,-0.0709431,0.451055011,0.276163185,0.185094433,0.146594564,0.06567807,0.32720155,1.587000738,2.955258103
PISI,-3.354048595,-3.386639324,-3.850570981,-3.426517153,-2.976325843,0.274849708,-0.305998475,-0.191665815,0.088332096,-0.224114388,-0.086547809,0.086610298,-0.04809089,0.050207761,-3.819233992,-3.881038176,-4.640368134,-4.000860268,-3.568298726,0.129353645,-0.457524407,-0.337785341,-0.037761937,-0.45671461,-0.321465239,-0.188772915,-0.226979789,-0.112759718,-2.888863199,-2.892240473,-3.060773828,-2.852174039,-2.384352959,0.420345771,-0.154472544,-0.045546289,0.214426129,0.008485834,0.148369621,0.361993511,0.130798009,0.21317524,0.075290361,0.042155513,0.134469685,-0.975944086,-0.988393542
BBWO,-3.485043791,-3.335005467,-3.243066959,-4.461732681,-3.963231137,0.746391097,-0.09792602,-0.147569113,-0.434991557,-0.640488116,0.056792068,0.162054487,-0.098337837,-0.237597782,-3.954908172,-3.806766877,-3.963630032,-5.308953531,-4.860571263,0.503148728,-0.255572058,-0.305212291,-0.64036011,-0.912793674,-0.2126256,-0.111587726,-0.348963104,-0.48321756,-3.01517941,-2.863244057,-2.522503885,-3.614511832,-3.06589101,0.989633466,0.059720017,0.010074066,-0.229623003,-0.368182558,0.326209735,0.4356967,0.152287429,0.008021995,0.125294091,0.077153452,0.203472546,1.587000738,-0.988393542
MOBL,-3.037910587,-3.079365818,-4.460649283,-3.2957602,-3.067063056,0.452386032,-0.164658615,0.048055356,-0.043259411,0.520416108,0.585758441,-0.177225303,-0.358830906,-0.096703721,-3.52380551,-3.568290525,-5.915399278,-3.944172494,-3.841707613,0.240436439,-0.359584095,-0.134751657,-0.229242103,0.2139663,0.284325252,-0.47784057,-0.572274831,-0.292517835,-2.552015665,-2.590441112,-3.005899287,-2.647347905,-2.292418499,0.664335625,0.030266865,0.230862369,0.14272328,0.826865916,0.887191629,0.123389964,-0.145386982,0.099110392,0.085107296,0.051991746,0.13931542,1.587000738,0.420053474
MODO,-3.887806854,-3.896142684,-4.89540257,-3.623491944,-3.4774445,-1.063319574,-0.228908859,0.082423951,-0.710374662,0.323849394,0.286660626,-0.286049248,-0.675996207,-0.148348048,-4.492737261,-4.521557284,-6.1543147,-4.273235385,-4.214946555,-1.470955842,-0.432962793,-0.124881399,-1.043761325,-0.010819253,-0.042731283,-0.621795681,-1.016687006,-0.420526579,-3.282876446,-3.270728084,-3.636490441,-2.973748502,-2.739942444,-0.655683307,-0.024854924,0.289729301,-0.376988,0.658518042,0.616052536,0.049697186,-0.335305407,0.123830484,0.022501022,0.011893774,0.042568155,0.488595813,0.138364071
WIWA,-3.38247571,-3.838438903,-3.220576691,-2.536429416,-3.348699701,0.317280803,-0.360797653,-0.238597794,0.144259798,0.517783147,-0.500424229,0.708162785,-0.604108996,0.191144854,-4.285169076,-4.795371542,-4.387378104,-3.453387483,-4.505390221,0.086200836,-0.600054531,-0.451315127,-0.049265443,0.14705364,-0.883909236,0.26856716,-0.913928097,-0.046563962,-2.479782345,-2.881506263,-2.053775278,-1.619471349,-2.192009181,0.548360771,-0.121540775,-0.025880461,0.337785039,0.888512653,-0.116939221,1.147758411,-0.294289895,0.428853671,0.120710777,0.052706212,0.276458715,1.587000738,0.701742877
CAHU,-0.838574027,-1.383158771,-0.799611325,-1.632304708,-0.782269324,0.287501116,-0.089867918,-0.001068041,-0.048691072,0.067521305,0.236378356,-0.115219332,0.125989024,-0.198682542,-1.683680219,-2.299032096,-1.842296786,-2.619338623,-1.832333392,0.04215516,-0.327891673,-0.234942149,-0.287258858,-0.280680866,-0.156084463,-0.519243346,-0.067414916,-0.382270938,0.006532166,-0.467285446,0.243074137,-0.645270792,0.267794743,0.532847072,0.148155838,0.232806066,0.189876714,0.415723477,0.628841176,0.288804682,0.319392964,-0.015094146,2.001504736,0.561407805,7.135670676,-0.975944086,2.955258103
PUFI,-5.734360004,-6.395606126,-5.711074255,-5.29322413,-6.964519172,-0.670699886,-0.244929034,-0.043446698,-0.379177397,-0.775980683,-0.019525062,-0.114641803,0.279357988,-0.134777603,-6.423710835,-7.257689856,-6.669782525,-6.104411647,-8.485252554,-1.060434249,-0.472878168,-0.289048044,-0.712243987,-1.181129323,-0.3784981,-0.535842527,-0.038925178,-0.43372491,-5.045009173,-5.533522397,-4.752365985,-4.482036613,-5.443785789,-0.280965522,-0.016979901,0.202154649,-0.046110806,-0.370832043,0.339447976,0.306558922,0.597641153,0.164169705,0.011407493,0.005103653,0.025497599,-0.975944086,-0.988393542
WEBL,-3.497894183,-3.473455918,-35.76214197,-3.246129486,-3.284967413,-0.27752502,-0.487802771,-0.178571578,-0.238881312,0.584907931,0.518431503,-0.350252107,-0.084115124,-0.221775694,NA,NA,NA,NA,NA,NA,NA,NA,NA,NA,NA,NA,NA,NA,NA,NA,NA,NA,NA,NA,NA,NA,NA,NA,NA,NA,NA,NA,0.082795286,NA,NA,-0.243674137,2.955258103
WBNU,-5.99221834,-6.11709682,-7.510070296,-6.016826886,-5.181942065,0.141358458,-0.484029918,-0.085924929,-0.177274151,-0.345007868,-0.14350453,0.204256481,-0.014653039,-0.422898402,-6.747850317,-6.912663237,-9.579192255,-6.981446454,-6.048539735,-0.155933438,-0.753349504,-0.350498452,-0.454898639,-0.759013933,-0.532733318,-0.268844287,-0.329782161,-0.765941185,-5.236586364,-5.321530404,-5.440948337,-5.052207318,-4.315344395,0.438650355,-0.214710331,0.178648594,0.100350336,0.068998198,0.245724257,0.677357249,0.300476083,-0.07985562,0.008955509,0.004322981,0.018552278,1.587000738,-0.988393542
GRFL,-4.727700835,-4.219826926,-4.316579123,-4.656572256,-3.908432903,-1.428673107,-0.789891323,0.258036423,-1.311971192,-0.314566327,0.351746687,-0.203967263,-0.026515062,-0.727745629,-5.662981006,-5.094839522,-5.343549708,-5.72386167,-4.853745942,-2.144774505,-1.114623077,-0.031324094,-1.980835229,-0.783664848,-0.148993294,-0.661677166,-0.489503816,-1.156579717,-3.792420664,-3.34481433,-3.289608538,-3.589282842,-2.963119863,-0.71257171,-0.465159569,0.547396939,-0.643107155,0.154532194,0.852486668,0.25374264,0.436473692,-0.29891154,0.038517433,0.014551585,0.101954028,1.587000738,-0.988393542
BHCO,-4.066055617,-3.629896966,-3.734669739,-4.091708958,-3.590182993,-0.163342407,-0.62329465,-0.14710375,-0.184408772,9.25E-05,0.227046819,-0.081620318,-0.317415762,-0.129181965,-4.847583121,-4.401845467,-4.79445715,-5.030702697,-4.521771984,-0.464397746,-0.906655847,-0.410795174,-0.455582846,-0.395485772,-0.174499523,-0.529707546,-0.698057258,-0.42422882,-3.284528112,-2.857948466,-2.674882329,-3.152715219,-2.658594001,0.137712932,-0.339933454,0.116587674,0.086765302,0.395670723,0.628593161,0.36646691,0.063225733,0.16586489,0.020619003,0.008446484,0.050333755,1.587000738,-0.425014736
ANHU,6.556116962,5.753033813,5.457003425,5.960882623,7.384639994,-0.174884097,0.338071167,0.011818335,0.414764091,0.06853036,0.265305675,-0.110089194,0.136456808,0.066056447,5.694942715,4.646767018,3.791708149,4.801482598,6.31616636,-0.446339078,0.038526531,-0.300133711,0.165073489,-0.393481234,-0.120172267,-0.640243301,-0.128963187,-0.17722954,7.417291208,6.859300609,7.122298701,7.120282648,8.453113628,0.096570883,0.637615803,0.323770381,0.664454693,0.530541954,0.650783616,0.420064913,0.401876803,0.309342435,4464.763917,1101.278844,18100.88057,1.587000738,2.955258103
PIWO,-5.916544355,-6.236371517,-6.280246895,-6.740239117,-7.497459207,-0.552066618,-0.292667118,-0.347586807,-0.071054397,-1.111720578,-0.276462325,0.164478014,-1.217029597,0.030314977,-6.783969581,-7.254035901,-7.698821002,-8.324783747,-9.618730757,-0.924247232,-0.569927519,-0.652008305,-0.384610554,-2.228180967,-0.924626488,-0.403941959,-2.346028171,-0.872916159,-5.049119129,-5.218707132,-4.861672789,-5.155694488,-5.376187657,-0.179886004,-0.015406718,-0.043165309,0.24250176,0.004739812,0.371701839,0.732897987,-0.088031023,0.933546112,0.00538121,0.002908775,0.009955197,-0.975944086,-0.425014736
LEGO,-3.881737329,-4.383765595,-151.0186176,-5.217135695,-3.343550954,-0.525585971,0.059260925,-0.218323853,-0.204857391,-0.492821603,0.083000035,-0.020785326,-0.942193135,0.21400806,NA,NA,NA,NA,NA,NA,NA,NA,NA,NA,NA,NA,NA,NA,NA,NA,NA,NA,NA,NA,NA,NA,NA,NA,NA,NA,NA,NA,0.025444308,NA,NA,-0.975944086,-0.988393542
WEFL,-10.99167871,-10.0618804,-10.68759994,-10.91394706,-9.896548933,-4.052740255,0.292306242,0.286691229,-1.298740909,-11.69331755,5.654017938,-1.572229963,-9.903737517,8.628157161,-13.65551976,-12.74483456,-13.55594833,-14.05724462,-12.8004677,-6.525492442,-0.02796629,-0.119837763,-2.390663029,-19.51921638,2.775450092,-2.652366232,-16.59245367,4.005662281,-8.327837667,-7.378926231,-7.819251547,-7.770649509,-6.992630167,-1.579988067,0.612578774,0.693220221,-0.20681879,-3.867418721,8.532585784,-0.492093693,-3.215021361,13.25065204,0.002762953,0.000392664,0.019441312,1.587000738,0.138364071
YEWA,-4.805861571,-4.791324615,-4.355478435,-4.354221513,-7.19727446,0.502005891,-0.101007465,-0.478546141,-0.428737158,0.740703401,0.091429577,0.028654885,-0.196306506,0.009288344,-5.271356551,-5.257983509,-5.041573426,-4.841605017,-9.191046014,0.283358969,-0.281156049,-0.660639637,-0.643801068,0.464885145,-0.168687442,-0.267659393,-0.349088344,-0.126700622,-4.340366591,-4.324665721,-3.669383443,-3.866838008,-5.203502906,0.720652812,0.079141118,-0.296452646,-0.213673247,1.016521658,0.351546596,0.324969164,-0.043524669,0.14527731,0.020992342,0.012849123,0.034296381,1.587000738,1.82850049
